time,energy,gps,odo,speed,soc
1511436338000,53.2,52.093448638916016|5.117378234863281,88526.413,0,72.8
1511436339000,53.2,52.093448638916016|5.117378234863281,88526.414,4,72.8
1511436340000,53.2,52.093448638916016|5.117378234863281,88526.415,6,72.8
1511436341000,53.2,52.093448638916016|5.117378234863281,88526.417,8,72.8
1511436342000,53.2,52.093448638916016|5.117378234863281,88526.42,10,72.8
1511436343000,53.2,52.08921432495117|5.106114864349365,88526.423,12,72.8
1511436344000,53.2,52.08921432495117|5.106114864349365,88526.426,13,72.8
1511436345000,53.2,52.0892448425293|5.106178283691406,88526.43,12,72.8
1511436346000,53.2,52.0892448425293|5.106178283691406,88526.433,11,72.8
1511436347000,53.2,52.0892448425293|5.106178283691406,88526.436,9,72.8
1511436348000,53.2,52.08928298950195|5.106295108795166,88526.438,9,72.8
1511436349000,53.2,52.089298248291016|5.1063385009765625,88526.44,7,72.8
1511436350000,53.2,52.089298248291016|5.1063385009765625,88526.442,6,72.8
1511436351000,53.2,52.08932876586914|5.106398105621338,88526.444,6,72.8
1511436352000,53.264,52.08934783935547|5.106414794921875,88526.445,3,72.8
1511436353000,53.264,52.0893669128418|5.10642147064209,88526.446,3,72.8
1511436354000,53.264,52.0893669128418|5.10642147064209,88526.447,3,72.8
1511436355000,53.264,52.08938980102539|5.1064300537109375,88526.447,2,72.8
1511436356000,53.264,52.08938980102539|5.1064300537109375,88526.447,0,72.8
1511436376000,53.264,52.08938980102539|5.1064300537109375,88526.448,1,72.8
1511436377000,53.272,52.08938980102539|5.1064300537109375,88526.448,4,72.8
1511436378000,53.272,52.08941650390625|5.106441497802734,88526.45,7,72.8
1511436379000,53.272,52.08941650390625|5.106441497802734,88526.452,9,72.8
1511436380000,53.272,52.08941650390625|5.106441497802734,88526.454,9,72.8
1511436381000,53.272,52.08946990966797|5.106433391571045,88526.457,9,72.8
1511436382000,53.272,52.08948516845703|5.10642147064209,88526.46,7,72.8
1511436383000,53.272,52.08948516845703|5.10642147064209,88526.461,5,72.8
1511436384000,53.272,52.08948516845703|5.10642147064209,88526.463,5,72.8
1511436385000,53.272,52.08953857421875|5.1063947677612305,88526.464,6,72.8
1511436386000,53.272,52.08953857421875|5.1063947677612305,88526.466,7,72.8
1511436387000,53.327,52.08953857421875|5.1063947677612305,88526.468,10,72.8
1511436388000,53.327,52.08956527709961|5.1063551902771,88526.471,13,72.8
1511436389000,53.327,52.08958435058594|5.1063432693481445,88526.475,16,72.8
1511436390000,53.327,52.08958435058594|5.1063432693481445,88526.48,18,72.8
1511436391000,53.327,52.089637756347656|5.106345176696777,88526.484,20,72.8
1511436392000,53.327,52.08967208862305|5.106365203857422,88526.491,23,72.8
1511436393000,53.327,52.08967208862305|5.106365203857422,88526.498,24,72.8
1511436394000,53.327,52.08975601196289|5.106466770172119,88526.503,25,72.8
1511436395000,53.327,52.08975601196289|5.106466770172119,88526.512,27,72.8
1511436396000,53.327,52.08975601196289|5.106466770172119,88526.52,27,72.8
1511436397000,53.327,52.089881896972656|5.106673240661621,88526.527,28,72.8
1511436398000,53.455,52.089881896972656|5.106673240661621,88526.535,28,72.8
1511436399000,53.455,52.089969635009766|5.106818199157715,88526.543,28,72.8
1511436400000,53.455,52.09002685546875|5.106873512268066,88526.551,28,72.8
1511436401000,53.455,52.09002685546875|5.106873512268066,88526.559,29,72.8
1511436402000,53.455,52.090152740478516|5.106948375701904,88526.567,29,72.8
1511436403000,53.455,52.090152740478516|5.106948375701904,88526.575,30,72.8
1511436404000,53.455,52.090152740478516|5.106948375701904,88526.583,30,72.8
1511436405000,53.455,52.0903205871582|5.1069464683532715,88526.592,31,72.8
1511436406000,53.455,52.09037399291992|5.106916904449463,88526.6,31,72.8
1511436407000,53.455,52.09037399291992|5.106916904449463,88526.609,31,72.8
1511436408000,53.455,52.09048843383789|5.106806755065918,88526.615,32,72.8
1511436409000,53.623,52.09048843383789|5.106806755065918,88526.627,33,72.8
1511436410000,53.623,52.09048843383789|5.106806755065918,88526.636,34,72.8
1511436411000,53.623,52.090702056884766|5.106576442718506,88526.643,34,72.8
1511436412000,53.623,52.090702056884766|5.106576442718506,88526.654,32,72.8
1511436413000,53.623,52.090858459472656|5.1064133644104,88526.663,30,72.8
1511436414000,53.623,52.090858459472656|5.1064133644104,88526.67,28,72.8
1511436415000,53.623,52.09103012084961|5.106245040893555,88526.679,27,72.8
1511436416000,53.623,52.09110641479492|5.106176853179932,88526.686,27,72.8
1511436417000,53.623,52.09110641479492|5.106176853179932,88526.694,27,72.8
1511436418000,53.623,52.09110641479492|5.106176853179932,88526.701,27,72.8
1511436419000,53.623,52.0912971496582|5.106058120727539,88526.708,25,72.8
1511436420000,53.638,52.091365814208984|5.106038570404053,88526.715,24,72.8
1511436421000,53.638,52.091365814208984|5.106038570404053,88526.722,23,72.8
1511436422000,53.638,52.09149932861328|5.106029987335205,88526.726,23,72.8
1511436423000,53.638,52.0915641784668|5.106043338775635,88526.735,23,72.8
1511436424000,53.638,52.0915641784668|5.106043338775635,88526.741,24,72.8
1511436425000,53.638,52.0916748046875|5.1060967445373535,88526.747,25,72.8
1511436426000,53.638,52.091732025146484|5.10613489151001,88526.755,27,72.8
1511436427000,53.638,52.091732025146484|5.10613489151001,88526.763,29,72.8
1511436428000,53.638,52.09182357788086|5.1062397956848145,88526.77,30,72.8
1511436429000,53.638,52.09182357788086|5.1062397956848145,88526.78,32,72.8
1511436430000,53.638,52.091896057128906|5.106420040130615,88526.789,33,72.8
1511436431000,53.652,52.091896057128906|5.106420040130615,88526.798,35,72.8
1511436432000,53.652,52.091896057128906|5.106420040130615,88526.808,36,72.8
1511436433000,53.652,52.09199523925781|5.106761455535889,88526.818,38,72.8
1511436434000,53.652,52.09203338623047|5.106886863708496,88526.829,39,72.8
1511436435000,53.652,52.092071533203125|5.107015132904053,88526.84,40,72.8
1511436436000,53.652,52.092071533203125|5.107015132904053,88526.851,41,72.8
1511436437000,53.652,52.0921516418457|5.107281684875488,88526.862,43,72.8
1511436438000,53.652,52.0921516418457|5.107281684875488,88526.875,46,72.8
1511436439000,53.652,52.09223556518555|5.107560157775879,88526.888,45,72.8
1511436440000,53.652,52.092281341552734|5.107705116271973,88526.9,42,72.8
1511436441000,53.652,52.092281341552734|5.107705116271973,88526.911,38,72.8
1511436442000,53.741,52.092376708984375|5.10800313949585,88526.921,35,72.8
1511436443000,53.741,52.0924186706543|5.108145236968994,88526.931,32,72.8
1511436444000,53.741,52.0924186706543|5.108145236968994,88526.939,28,72.8
1511436445000,53.741,52.092464447021484|5.108431816101074,88526.944,26,72.8
1511436446000,53.741,52.09252166748047|5.1084980964660645,88526.953,25,72.8
1511436447000,53.741,52.09252166748047|5.1084980964660645,88526.96,25,72.8
1511436448000,53.741,52.09259033203125|5.1087164878845215,88526.966,25,72.8
1511436449000,53.741,52.09260177612305|5.108823299407959,88526.974,25,72.8
1511436450000,53.741,52.09260177612305|5.108823299407959,88526.981,24,72.8
1511436451000,53.741,52.09260940551758|5.109020233154297,88526.987,23,72.8
1511436452000,53.768,52.09259033203125|5.109105110168457,88526.994,21,72.8
1511436453000,53.768,52.09259033203125|5.109105110168457,88527,20,72.8
1511436454000,53.768,52.09253692626953|5.109260082244873,88527.005,21,72.8
1511436455000,53.768,52.09253692626953|5.109260082244873,88527.011,22,72.8
1511436456000,53.768,52.09253692626953|5.109260082244873,88527.018,23,72.8
1511436457000,53.768,52.09246063232422|5.109475135803223,88527.023,24,72.8
1511436458000,53.768,52.09246063232422|5.109475135803223,88527.031,25,72.8
1511436459000,53.768,52.09244155883789|5.109653472900391,88527.038,25,72.8
1511436460000,53.768,52.09242630004883|5.109748363494873,88527.044,25,72.8
1511436461000,53.768,52.09242630004883|5.109748363494873,88527.052,25,72.8
1511436462000,53.855,52.09236145019531|5.109903335571289,88527.059,25,68
1511436463000,53.855,52.09236145019531|5.109903335571289,88527.066,24,67.2
1511436464000,53.855,52.09236145019531|5.109903335571289,88527.072,22,67.2
1511436465000,53.855,52.09223937988281|5.110116481781006,88527.079,22,67.2
1511436466000,53.855,52.09221649169922|5.110201835632324,88527.085,22,67.2
1511436467000,53.855,52.09221649169922|5.110201835632324,88527.091,21,67.2
1511436468000,53.855,52.09219741821289|5.1103715896606445,88527.094,19,67.2
1511436469000,53.855,52.09219741821289|5.1103715896606445,88527.101,16,67.2
1511436470000,53.855,52.09219741821289|5.1103715896606445,88527.105,14,67.2
1511436471000,53.855,52.092227935791016|5.110608100891113,88527.108,13,67.2
1511436472000,53.855,52.092227935791016|5.110608100891113,88527.111,8,67.2
1511436473000,53.858,52.092262268066406|5.110713481903076,88527.113,5,67.2
1511436474000,53.858,52.09227752685547|5.110751628875732,88527.114,3,67.2
1511436475000,53.858,52.092288970947266|5.110778331756592,88527.115,1,67.2
1511436476000,53.858,52.09229278564453|5.1107964515686035,88527.115,1,67.2
1511436477000,53.858,52.09229278564453|5.1107964515686035,88527.115,0,67.2
1511436502000,53.858,52.09229278564453|5.1107964515686035,88527.115,1,67.2
1511436503000,53.872,52.0922966003418|5.110828399658203,88527.116,2,67.2
1511436504000,53.872,52.0922966003418|5.110828399658203,88527.116,3,67.2
1511436505000,53.872,52.0922966003418|5.110828399658203,88527.118,8,67.2
1511436506000,53.872,52.0922966003418|5.110828399658203,88527.121,13,67.2
1511436507000,53.872,52.0922966003418|5.110828399658203,88527.125,15,67.2
1511436508000,53.872,52.09231185913086|5.110935211181641,88527.129,14,67.2
1511436509000,53.872,52.09231185913086|5.110935211181641,88527.133,13,67.2
1511436510000,53.872,52.09232711791992|5.110991477966309,88527.137,14,67.2
1511436511000,53.872,52.09232711791992|5.110991477966309,88527.141,16,67.2
1511436512000,53.872,52.09232711791992|5.110991477966309,88527.145,17,67.2
1511436513000,53.959,52.09238052368164|5.111116886138916,88527.15,16,67.2
1511436514000,53.959,52.09238052368164|5.111116886138916,88527.154,15,67.2
1511436515000,53.959,52.092437744140625|5.111191749572754,88527.159,16,67.2
1511436516000,53.959,52.092472076416016|5.111218452453613,88527.163,18,67.2
1511436517000,53.959,52.092472076416016|5.111218452453613,88527.168,19,67.2
1511436518000,53.959,52.09254837036133|5.1112518310546875,88527.174,20,67.2
1511436519000,53.959,52.09260177612305|5.111249923706055,88527.179,20,67.2
1511436520000,53.959,52.09260177612305|5.111249923706055,88527.185,21,67.2
1511436521000,53.959,52.09260177612305|5.111249923706055,88527.191,23,67.2
1511436522000,53.959,52.092735290527344|5.111288547515869,88527.195,25,67.2
1511436523000,54.071,52.092735290527344|5.111288547515869,88527.206,30,67.2
1511436524000,54.071,52.092735290527344|5.111288547515869,88527.215,31,67.2
1511436525000,54.071,52.09282684326172|5.111468315124512,88527.221,30,67.2
1511436526000,54.071,52.09282684326172|5.111468315124512,88527.231,29,67.2
1511436527000,54.071,52.09282684326172|5.111468315124512,88527.239,28,67.2
1511436528000,54.071,52.09282684326172|5.111810207366943,88527.245,27,67.2
1511436529000,54.071,52.09282684326172|5.111810207366943,88527.254,24,67.2
1511436530000,54.071,52.09281539916992|5.112033367156982,88527.26,22,67.2
1511436531000,54.071,52.09281539916992|5.112133502960205,88527.266,19,67.2
1511436532000,54.071,52.09281539916992|5.112133502960205,88527.271,17,67.2
1511436533000,54.071,52.09282302856445|5.112311840057373,88527.275,16,67.2
1511436534000,54.08,52.09282302856445|5.112311840057373,88527.279,13,67.2
1511436535000,54.08,52.092838287353516|5.112444877624512,88527.283,10,67.2
1511436536000,54.08,52.09284973144531|5.112490177154541,88527.285,7,67.2
1511436537000,54.08,52.09284973144531|5.112490177154541,88527.287,5,67.2
1511436538000,54.08,52.09285354614258|5.112573146820068,88527.288,3,67.2
1511436539000,54.08,52.09284591674805|5.1126017570495605,88527.288,1,67.2
1511436540000,54.08,52.09284591674805|5.1126017570495605,88527.288,0,67.2
1511436549000,54.08,52.09284591674805|5.1126017570495605,88527.288,0,67.2
1511436550000,54.085,52.09284591674805|5.1126017570495605,88527.289,2,67.2
1511436551000,54.085,52.09284591674805|5.1126017570495605,88527.29,7,67.2
1511436552000,54.085,52.09284591674805|5.1126017570495605,88527.293,13,67.2
1511436553000,54.085,52.09284591674805|5.1126017570495605,88527.297,20,67.2
1511436554000,54.085,52.092796325683594|5.112733364105225,88527.303,25,67.2
1511436555000,54.085,52.09280014038086|5.112766742706299,88527.311,27,67.2
1511436556000,54.085,52.092811584472656|5.112828254699707,88527.318,27,67.2
1511436557000,54.085,52.09281539916992|5.1129150390625,88527.325,27,67.2
1511436558000,54.085,52.09282684326172|5.113011837005615,88527.333,24,67.2
1511436559000,54.085,52.09282684326172|5.113011837005615,88527.339,23,67.2
1511436560000,54.192,52.09284210205078|5.113203525543213,88527.346,22,67.2
1511436561000,54.192,52.09284210205078|5.113203525543213,88527.351,20,67.2
1511436562000,54.192,52.09284591674805|5.113385200500488,88527.357,18,67.2
1511436563000,54.192,52.09284210205078|5.113464832305908,88527.362,16,67.2
1511436564000,54.192,52.09284210205078|5.113464832305908,88527.366,15,67.2
1511436565000,54.192,52.09284591674805|5.113615036010742,88527.369,14,67.2
1511436566000,54.192,52.09284591674805|5.113615036010742,88527.373,11,67.2
1511436567000,54.192,52.09284591674805|5.113615036010742,88527.376,8,67.2
1511436568000,54.192,52.09285354614258|5.113786697387695,88527.378,6,67.2
1511436569000,54.192,52.09285354614258|5.113786697387695,88527.379,4,67.2
1511436570000,54.195,52.09285354614258|5.113858222961426,88527.38,3,67.2
1511436571000,54.195,52.09285354614258|5.113858222961426,88527.381,3,67.2
1511436572000,54.195,52.09285354614258|5.113881587982178,88527.382,3,67.2
1511436573000,54.195,52.09285354614258|5.113881587982178,88527.383,2,67.2
1511436574000,54.195,52.09285354614258|5.113890171051025,88527.383,0,67.2
1511436581000,54.211,52.09285354614258|5.113890171051025,88527.383,1,67.2
1511436582000,54.211,52.09285354614258|5.113890171051025,88527.384,6,67.2
1511436583000,54.211,52.09285354614258|5.113890171051025,88527.386,11,67.2
1511436584000,54.211,52.09285354614258|5.113890171051025,88527.39,16,67.2
1511436585000,54.211,52.092857360839844|5.113953113555908,88527.393,18,67.2
1511436586000,54.211,52.092857360839844|5.113953113555908,88527.4,20,67.2
1511436587000,54.211,52.092857360839844|5.113953113555908,88527.406,21,67.2
1511436588000,54.211,52.09281539916992|5.114108562469482,88527.411,22,67.2
1511436589000,54.211,52.09281539916992|5.11416482925415,88527.419,24,67.2
1511436590000,54.211,52.09281539916992|5.114230155944824,88527.425,25,67.2
1511436591000,54.211,52.09281539916992|5.114230155944824,88527.432,26,67.2
1511436592000,54.211,52.09283447265625|5.1143999099731445,88527.44,27,67.2
1511436593000,54.352,52.09283447265625|5.1143999099731445,88527.447,28,67.2
1511436594000,54.352,52.092872619628906|5.114614963531494,88527.455,28,67.2
1511436595000,54.352,52.092872619628906|5.114614963531494,88527.463,26,67.2
1511436596000,54.352,52.092872619628906|5.114614963531494,88527.47,25,67.2
1511436597000,54.352,52.092994689941406|5.114903450012207,88527.476,26,67.2
1511436598000,54.352,52.093017578125|5.114996433258057,88527.484,27,67.2
1511436599000,54.352,52.093017578125|5.114996433258057,88527.492,28,67.2
1511436600000,54.352,52.09308624267578|5.1151933670043945,88527.499,28,67.2
1511436601000,54.352,52.093116760253906|5.115291595458984,88527.507,28,67.2
1511436602000,54.352,52.093116760253906|5.115291595458984,88527.516,28,67.2
1511436603000,54.43,52.09318161010742|5.115506649017334,88527.524,28,67.2
1511436604000,54.43,52.09318161010742|5.115506649017334,88527.531,28,67.2
1511436605000,54.43,52.093231201171875|5.1157450675964355,88527.539,28,67.2
1511436606000,54.43,52.093257904052734|5.115861892700195,88527.547,28,66
1511436607000,54.43,52.093257904052734|5.115861892700195,88527.555,29,66
1511436608000,54.43,52.09328842163086|5.116085052490234,88527.561,29,66
1511436609000,54.43,52.09328842163086|5.116085052490234,88527.571,27,66
1511436610000,54.43,52.09328842163086|5.116085052490234,88527.578,26,66
1511436611000,54.43,52.093345642089844|5.116405010223389,88527.584,24,66
1511436612000,54.43,52.093360900878906|5.116501808166504,88527.591,22,66
1511436613000,54.43,52.093360900878906|5.116501808166504,88527.597,20,66
1511436614000,54.463,52.0933837890625|5.116673469543457,88527.602,19,66
1511436615000,54.463,52.0933837890625|5.116673469543457,88527.607,18,66
1511436616000,54.463,52.093406677246094|5.116811752319336,88527.612,17,66
1511436617000,54.463,52.093414306640625|5.116878509521484,88527.617,16,66
1511436618000,54.463,52.09342575073242|5.116958141326904,88527.621,15,66
1511436619000,54.463,52.09342575073242|5.116958141326904,88527.625,14,66
1511436620000,54.463,52.093441009521484|5.117084980010986,88527.629,13,66
1511436621000,54.463,52.093441009521484|5.117084980010986,88527.632,11,66
1511436622000,54.463,52.09345245361328|5.117203235626221,88527.634,9,66
1511436623000,54.463,52.09345245361328|5.117203235626221,88527.637,7,66
1511436624000,54.463,52.09345245361328|5.117203235626221,88527.639,5,66
1511436625000,54.457,52.093467712402344|5.1173481941223145,88527.64,3,66
1511436626000,54.457,52.09347152709961|5.117373466491699,88527.64,0,66
1511436658000,54.457,52.09347152709961|5.117373466491699,88527.64,1,66
1511436659000,54.461,52.09347152709961|5.117373466491699,88527.64,2,66
1511436660000,54.461,52.09348678588867|5.117440223693848,88527.642,5,66
1511436661000,54.461,52.09348678588867|5.117440223693848,88527.644,9,66
1511436662000,54.461,52.09348678588867|5.117440223693848,88527.647,13,66
1511436663000,54.461,52.09348678588867|5.11753511428833,88527.651,17,66
1511436664000,54.461,52.09348678588867|5.11753511428833,88527.656,20,66
1511436665000,54.461,52.09349822998047|5.117585182189941,88527.66,22,66
1511436666000,54.461,52.09349822998047|5.117631435394287,88527.668,24,66
1511436667000,54.461,52.09349822998047|5.117631435394287,88527.675,24,66
1511436668000,54.461,52.093505859375|5.117763519287109,88527.681,25,66
1511436669000,54.552,52.093509674072266|5.117839813232422,88527.689,28,66
1511436670000,54.552,52.093509674072266|5.117839813232422,88527.698,29,66
1511436671000,54.552,52.09352111816406|5.1180315017700195,88527.705,28,66
1511436672000,54.552,52.093536376953125|5.118144989013672,88527.713,23,66
1511436673000,54.552,52.093536376953125|5.118144989013672,88527.718,18,66
1511436674000,54.552,52.09355545043945|5.118386745452881,88527.723,14,66
1511436675000,54.552,52.09355926513672|5.118484973907471,88527.727,15,66
1511436676000,54.552,52.093563079833984|5.118555068969727,88527.731,20,66
1511436677000,54.552,52.093563079833984|5.118555068969727,88527.738,25,66
1511436678000,54.552,52.093563079833984|5.118555068969727,88527.745,30,66
1511436679000,54.552,52.09357452392578|5.118734836578369,88527.752,33,66
1511436680000,54.671,52.09357452392578|5.1188201904296875,88527.764,36,66
1511436681000,54.671,52.09357452392578|5.1188201904296875,88527.774,37,66
1511436682000,54.671,52.09355545043945|5.119053363800049,88527.782,38,66
1511436683000,54.671,52.09354019165039|5.119208335876465,88527.796,38,66
1511436684000,54.671,52.09354019165039|5.119208335876465,88527.806,38,66
1511436685000,54.671,52.09351348876953|5.1194915771484375,88527.815,38,66
1511436686000,54.671,52.09349822998047|5.1196465492248535,88527.827,37,66
1511436687000,54.671,52.09349822998047|5.1196465492248535,88527.838,37,66
1511436688000,54.671,52.09346008300781|5.119949817657471,88527.847,36,66
1511436689000,54.671,52.09346008300781|5.119949817657471,88527.858,35,66
1511436690000,54.671,52.09342575073242|5.120240211486816,88527.867,34,66
1511436691000,54.766,52.09342575073242|5.120240211486816,88527.876,33,66
1511436692000,54.766,52.09342575073242|5.120240211486816,88527.885,31,66
1511436693000,54.766,52.093360900878906|5.120636463165283,88527.894,31,66
1511436694000,54.766,52.093360900878906|5.120636463165283,88527.902,30,66
1511436695000,54.766,52.093299865722656|5.120853424072266,88527.91,27,66
1511436696000,54.766,52.093299865722656|5.120853424072266,88527.917,26,66
1511436697000,54.766,52.09320831298828|5.121048450469971,88527.923,23,66
1511436698000,54.766,52.093170166015625|5.121125221252441,88527.93,20,66
1511436699000,54.766,52.093170166015625|5.121125221252441,88527.935,17,66
1511436700000,54.766,52.09309768676758|5.12125825881958,88527.94,14,66
1511436701000,,52.09309768676758|5.12125825881958,88527.943,10,66
1511436702000,54.739,52.093048095703125|5.121368408203125,88527.945,8,66
1511436703000,54.739,52.09303665161133|5.121408462524414,88527.948,9,66
1511436704000,54.739,52.09303665161133|5.121408462524414,88527.95,11,66
1511436705000,54.739,52.093017578125|5.121471881866455,88527.953,13,66
1511436706000,54.739,52.093017578125|5.121471881866455,88527.958,15,66
1511436707000,54.739,52.093017578125|5.121471881866455,88527.963,17,66
1511436708000,54.739,52.09297180175781|5.121584892272949,88527.966,17,66
1511436709000,54.739,52.09297180175781|5.121584892272949,88527.972,15,66
1511436710000,54.739,52.09292984008789|5.1216864585876465,88527.976,14,66
1511436711000,54.739,52.0929069519043|5.121736526489258,88527.979,15,66
1511436712000,54.817,52.0928840637207|5.12177848815918,88527.984,16,66
1511436713000,54.817,52.0928840637207|5.12177848815918,88527.988,15,66
1511436714000,54.817,52.09283447265625|5.121831893920898,88527.992,13,66
1511436715000,54.817,52.09283447265625|5.121831893920898,88527.996,11,66
1511436716000,54.817,52.092769622802734|5.121846675872803,88527.999,10,66
1511436717000,54.817,52.092769622802734|5.121846675872803,88528.001,10,66
1511436718000,54.817,52.09272003173828|5.121871471405029,88528.004,8,66
1511436719000,54.817,52.09269714355469|5.121880054473877,88528.006,6,66
1511436720000,54.817,52.092674255371094|5.121886730194092,88528.008,4,66
1511436721000,54.817,52.092674255371094|5.121886730194092,88528.008,1,66
1511436722000,54.817,52.092674255371094|5.121886730194092,88528.008,0,66
1511436730000,54.817,52.092674255371094|5.121886730194092,88528.008,1,66
1511436731000,54.843,52.092674255371094|5.121886730194092,88528.009,7,66
1511436732000,54.843,52.092674255371094|5.121886730194092,88528.012,13,66
1511436733000,54.843,52.092674255371094|5.121886730194092,88528.016,16,66
1511436734000,54.843,52.092594146728516|5.1219801902771,88528.02,14,66
1511436735000,54.843,52.092594146728516|5.1219801902771,88528.024,13,66
1511436736000,54.843,52.09255599975586|5.122016429901123,88528.028,15,66
1511436737000,54.843,52.09255599975586|5.122016429901123,88528.032,18,66
1511436738000,54.843,52.09248733520508|5.122066497802734,88528.038,20,66
1511436739000,54.843,52.09248733520508|5.122066497802734,88528.043,18,66
1511436740000,54.843,52.0923957824707|5.122133255004883,88528.048,16,66
1511436741000,54.927,52.0923957824707|5.122133255004883,88528.052,14,66
1511436742000,54.927,52.092308044433594|5.122176647186279,88528.055,12,66
1511436743000,54.927,52.09226989746094|5.122191429138184,88528.058,10,66
1511436744000,54.927,52.09226989746094|5.122191429138184,88528.061,11,66
1511436745000,54.927,52.09221267700195|5.122220039367676,88528.063,12,66
1511436746000,54.927,52.09218978881836|5.122230052947998,88528.068,15,66
1511436747000,54.927,52.09218978881836|5.122230052947998,88528.072,15,66
1511436748000,54.927,52.09214782714844|5.122263431549072,88528.076,15,66
1511436749000,54.927,52.09214782714844|5.122263431549072,88528.081,19,66
1511436750000,54.927,52.09210968017578|5.122280120849609,88528.087,23,66
1511436751000,54.927,52.09209060668945|5.122286796569824,88528.093,26,66
1511436752000,55.03,52.09209060668945|5.122286796569824,88528.101,28,66
1511436753000,55.03,52.09202575683594|5.122318267822266,88528.109,28,66
1511436754000,55.03,52.09197235107422|5.122330188751221,88528.117,26,66
1511436755000,55.03,52.09197235107422|5.122330188751221,88528.123,23,66
1511436756000,55.03,52.09197235107422|5.122330188751221,88528.129,20,66
1511436757000,55.03,52.091773986816406|5.122323513031006,88528.134,18,66
1511436758000,55.03,52.09172058105469|5.122323513031006,88528.139,14,66
1511436759000,55.03,52.09172058105469|5.122323513031006,88528.143,10,66
1511436760000,55.03,52.09162521362305|5.122321605682373,88528.145,9,66
1511436761000,55.03,52.09157943725586|5.122321605682373,88528.147,7,66
1511436762000,55.03,52.091548919677734|5.122323513031006,88528.149,6,66
1511436763000,55.05,52.091522216796875|5.122326850891113,88528.151,5,66
1511436764000,55.05,52.091522216796875|5.122326850891113,88528.152,5,66
1511436765000,55.05,52.09148025512695|5.122326850891113,88528.154,6,66
1511436766000,55.05,52.09146499633789|5.122326850891113,88528.156,8,66
1511436767000,55.05,52.09146499633789|5.122326850891113,88528.158,8,66
1511436768000,55.05,52.0914306640625|5.122326850891113,88528.16,8,66
1511436769000,55.05,52.0914306640625|5.122326850891113,88528.162,8,66
1511436770000,55.05,52.0914306640625|5.122326850891113,88528.165,9,66
1511436771000,55.05,52.09136199951172|5.122323513031006,88528.167,10,66
1511436772000,55.05,52.09136199951172|5.122323513031006,88528.17,12,66
1511436773000,55.05,52.09132766723633|5.122331619262695,88528.174,16,66
1511436774000,55.109,52.09130859375|5.122318267822266,88528.179,19,66
1511436775000,55.109,52.09130859375|5.122318267822266,88528.185,19,66
1511436776000,55.109,52.09128189086914|5.122246742248535,88528.19,18,66
1511436777000,55.109,52.09126663208008|5.122183322906494,88528.194,17,66
1511436778000,55.109,52.09126663208008|5.122183322906494,88528.199,16,66
1511436779000,55.109,52.09124755859375|5.122049808502197,88528.203,16,66
1511436780000,55.109,52.09124755859375|5.122049808502197,88528.208,16,66
1511436781000,55.109,52.09124755859375|5.122049808502197,88528.212,15,66
1511436782000,55.109,52.091224670410156|5.12186336517334,88528.215,14,66
1511436783000,55.109,52.091224670410156|5.12186336517334,88528.22,12,66
1511436784000,55.109,52.091224670410156|5.12186336517334,88528.223,11,66
1511436785000,55.159,52.091182708740234|5.121715068817139,88528.225,11,66
1511436786000,55.159,52.091182708740234|5.121715068817139,88528.229,10,66
1511436787000,55.159,52.09114456176758|5.121638298034668,88528.232,9,66
1511436788000,55.159,52.09114456176758|5.121638298034668,88528.234,9,66
1511436789000,55.159,52.09109115600586|5.121578216552734,88528.237,8,66
1511436790000,55.159,52.09109115600586|5.121578216552734,88528.239,7,66
1511436791000,55.159,52.09104919433594|5.121521472930908,88528.241,7,66
1511436792000,55.159,52.09104919433594|5.121521472930908,88528.242,7,66
1511436793000,55.159,52.09100341796875|5.121523380279541,88528.244,7,66
1511436794000,55.159,52.09097671508789|5.121534824371338,88528.247,11,66
1511436795000,55.191,52.09097671508789|5.121534824371338,88528.25,15,66
1511436796000,55.191,52.0909309387207|5.121560096740723,88528.255,19,66
1511436797000,55.191,52.0909309387207|5.121560096740723,88528.261,22,66
1511436798000,55.191,52.090877532958984|5.121588230133057,88528.267,23,66
1511436799000,55.191,52.09083938598633|5.121614933013916,88528.274,24,66
1511436800000,55.191,52.09083938598633|5.121614933013916,88528.281,26,66
1511436801000,55.191,52.09083938598633|5.121614933013916,88528.288,27,66
1511436802000,55.191,52.090702056884766|5.121699810028076,88528.293,27,66
1511436803000,55.191,52.09064865112305|5.121725082397461,88528.302,24,66
1511436804000,55.191,52.09064865112305|5.121725082397461,88528.309,22,66
1511436805000,55.236,52.09054946899414|5.1217851638793945,88528.313,20,66
1511436806000,55.236,52.09049987792969|5.121826648712158,88528.319,18,66
1511436807000,55.236,52.09049987792969|5.121826648712158,88528.324,17,66
1511436808000,55.236,52.090396881103516|5.1218647956848145,88528.329,18,66
1511436809000,55.236,52.09033203125|5.121891498565674,88528.334,16,66
1511436810000,55.236,52.090274810791016|5.121918201446533,88528.338,13,66
1511436811000,55.236,52.090274810791016|5.121918201446533,88528.341,11,66
1511436812000,55.236,52.09018325805664|5.121960163116455,88528.344,8,66
1511436813000,55.236,52.09014892578125|5.1219801902771,88528.346,5,66
1511436814000,55.236,52.09014892578125|5.1219801902771,88528.347,1,66
1511436815000,55.236,52.09014892578125|5.1219801902771,88528.347,0,66
1511436835000,55.236,52.09014892578125|5.1219801902771,88528.347,2,66
1511436836000,55.244,52.09014892578125|5.1219801902771,88528.348,8,66
1511436837000,55.244,52.09014892578125|5.1219801902771,88528.352,15,66
1511436838000,55.244,52.09014892578125|5.1219801902771,88528.356,21,66
1511436839000,55.244,52.09014892578125|5.1219801902771,88528.363,25,66
1511436840000,55.244,52.0899543762207|5.122011661529541,88528.37,28,66
1511436841000,55.244,52.0899543762207|5.122011661529541,88528.378,29,66
1511436842000,55.244,52.089908599853516|5.1220383644104,88528.386,27,66
1511436843000,55.244,52.089866638183594|5.122071743011475,88528.393,24,64.8
1511436844000,55.244,52.089866638183594|5.122071743011475,88528.399,23,64.8
1511436845000,55.244,52.089752197265625|5.122133255004883,88528.404,23,64.8
1511436846000,55.367,52.089698791503906|5.122161865234375,88528.412,25,64.8
1511436847000,55.367,52.089698791503906|5.122161865234375,88528.419,26,64.8
1511436848000,55.367,52.089576721191406|5.122231483459473,88528.425,27,64.8
1511436849000,55.367,52.089576721191406|5.122231483459473,88528.434,28,64.8
1511436850000,55.367,52.08945846557617|5.122294902801514,88528.442,26,64.8
1511436851000,55.367,52.089393615722656|5.122326850891113,88528.448,24,64.8
1511436852000,55.367,52.089393615722656|5.122326850891113,88528.456,22,64.8
1511436853000,55.367,52.08928298950195|5.122396469116211,88528.461,18,64.8
1511436854000,55.367,52.08928298950195|5.122396469116211,88528.466,13,64.8
1511436855000,55.367,52.08915710449219|5.122461795806885,88528.469,10,64.8
1511436856000,55.367,52.08915710449219|5.122461795806885,88528.471,9,64.8
1511436857000,55.388,52.08906173706055|5.122501850128174,88528.473,9,64.8
1511436858000,55.388,52.08906173706055|5.122501850128174,88528.477,12,64.8
1511436859000,55.388,52.08900451660156|5.122536659240723,88528.48,12,64.8
1511436860000,55.388,52.08900451660156|5.122536659240723,88528.483,12,64.8
1511436861000,55.388,52.08895492553711|5.122556686401367,88528.487,11,64.8
1511436862000,55.388,52.08892059326172|5.1225714683532715,88528.489,8,64.8
1511436863000,55.388,52.08889389038086|5.122583389282227,88528.491,7,64.8
1511436864000,55.388,52.08889389038086|5.122583389282227,88528.493,6,64.8
1511436865000,55.388,52.08884811401367|5.122604846954346,88528.495,5,64.8
1511436866000,55.388,52.088829040527344|5.122618198394775,88528.496,5,64.8
1511436867000,55.388,52.088829040527344|5.122618198394775,88528.497,1,64.8
1511436868000,55.425,52.088809967041016|5.122628211975098,88528.497,2,64.8
1511436869000,55.425,52.08879852294922|5.122636795043945,88528.499,7,64.8
1511436870000,55.425,52.08879470825195|5.122650146484375,88528.502,12,64.8
1511436871000,55.425,52.08879089355469|5.122661590576172,88528.505,16,64.8
1511436872000,55.425,52.08879089355469|5.122661590576172,88528.511,22,64.8
1511436873000,55.425,52.0887451171875|5.122710227966309,88528.517,23,64.8
1511436874000,55.425,52.088714599609375|5.122738361358643,88528.524,23,64.8
1511436875000,55.425,52.088714599609375|5.122738361358643,88528.53,24,64.8
1511436876000,55.425,52.088619232177734|5.122791767120361,88528.537,25,64.8
1511436877000,55.425,52.088565826416016|5.122829914093018,88528.544,27,64.8
1511436878000,55.536,52.088565826416016|5.122829914093018,88528.552,28,64.8
1511436879000,55.536,52.08845520019531|5.122920036315918,88528.557,29,64.8
1511436880000,55.536,52.0883903503418|5.122960090637207,88528.568,30,64.8
1511436881000,55.536,52.0883903503418|5.122960090637207,88528.576,30,64.8
1511436882000,55.536,52.08826446533203|5.123048305511475,88528.583,30,64.8
1511436883000,55.536,52.08818817138672|5.123096466064453,88528.593,30,64.8
1511436884000,55.536,52.08818817138672|5.123096466064453,88528.601,27,64.8
1511436885000,55.536,52.08804702758789|5.1231865882873535,88528.607,26,64.8
1511436886000,55.536,52.08804702758789|5.1231865882873535,88528.615,26,64.8
1511436887000,55.536,52.08790588378906|5.123261451721191,88528.622,24,64.8
1511436888000,55.536,52.08784484863281|5.123296737670898,88528.629,23,64.8
1511436889000,55.571,52.08784484863281|5.123296737670898,88528.635,22,64.8
1511436890000,55.571,52.08771896362305|5.123373508453369,88528.641,20,64.8
1511436891000,55.571,52.08766555786133|5.1234049797058105,88528.646,18,64.8
1511436892000,55.571,52.08766555786133|5.1234049797058105,88528.651,17,64.8
1511436893000,55.571,52.087562561035156|5.123461723327637,88528.655,15,64.8
1511436894000,55.571,52.08751678466797|5.123483180999756,88528.659,13,64.8
1511436895000,55.571,52.08751678466797|5.123483180999756,88528.662,10,64.8
1511436896000,55.571,52.08744812011719|5.123538494110107,88528.665,6,64.8
1511436897000,55.571,52.0874137878418|5.123558521270752,88528.666,3,64.8
1511436898000,55.571,52.0874137878418|5.123558521270752,88528.666,0,64.8
1511436917000,55.571,52.0874137878418|5.123558521270752,,1,64.8
1511436918000,55.578,52.0874137878418|5.123558521270752,88528.666,1,64.8
1511436919000,55.578,52.0874137878418|5.123558521270752,88528.667,0,64.8
1511436920000,55.578,52.0874137878418|5.123558521270752,88528.667,2,64.8
1511436921000,55.578,52.0874137878418|5.123558521270752,88528.668,4,64.8
1511436922000,55.578,52.0874137878418|5.123558521270752,88528.669,5,64.8
1511436923000,55.578,52.0874137878418|5.123558521270752,88528.671,8,64.8
1511436924000,55.578,52.0874137878418|5.123558521270752,88528.674,11,64.8
1511436925000,55.578,52.08732986450195|5.1236701011657715,88528.676,11,64.8
1511436926000,55.578,52.087310791015625|5.123683452606201,88528.68,14,64.8
1511436927000,55.578,52.087310791015625|5.123683452606201,88528.685,17,64.8
1511436928000,55.644,52.087284088134766|5.123726844787598,88528.689,20,64.8
1511436929000,55.644,52.08726119995117|5.123746871948242,88528.696,23,64.8
1511436930000,55.644,52.08726119995117|5.123746871948242,88528.703,23,64.8
1511436931000,55.644,52.08718490600586|5.123791694641113,88528.708,21,64.8
1511436932000,55.644,52.08718490600586|5.123791694641113,88528.715,20,64.8
1511436933000,55.644,52.08707809448242|5.123851776123047,88528.72,18,64.8
1511436934000,55.644,52.08707809448242|5.123851776123047,88528.725,17,64.8
1511436935000,55.644,52.086978912353516|5.123899936676025,88528.729,11,64.8
1511436936000,55.644,52.08694076538086|5.1239166259765625,88528.731,5,64.8
1511436937000,55.644,52.08694076538086|5.1239166259765625,88528.732,7,64.8
1511436938000,55.687,52.08687973022461|5.123941898345947,88528.735,10,64.8
1511436939000,55.687,52.08687973022461|5.123941898345947,88528.738,16,64.8
1511436940000,55.687,52.08683776855469|5.123951435089111,88528.744,22,64.8
1511436941000,55.687,52.086814880371094|5.123964786529541,88528.75,26,64.8
1511436942000,55.687,52.086814880371094|5.123964786529541,88528.758,27,64.8
1511436943000,55.687,52.086727142333984|5.12400484085083,88528.765,27,64.8
1511436944000,55.687,52.086727142333984|5.12400484085083,88528.773,28,64.8
1511436945000,55.687,52.08661651611328|5.124061584472656,88528.781,28,64.8
1511436946000,55.687,52.0865592956543|5.124093532562256,88528.788,28,64.8
1511436947000,55.687,52.0865592956543|5.124093532562256,88528.796,29,64.8
1511436948000,55.687,52.08644104003906|5.124175071716309,88528.802,29,64.8
1511436949000,55.808,52.08638000488281|5.124215126037598,88528.812,29,64.8
1511436950000,55.808,52.08638000488281|5.124215126037598,88528.821,29,64.8
1511436951000,55.808,52.08625411987305|5.124306678771973,88528.827,29,64.8
1511436952000,55.808,52.08625411987305|5.124306678771973,88528.837,29,64.8
1511436953000,55.808,52.08612823486328|5.124393463134766,88528.845,27,64.8
1511436954000,55.808,52.08612823486328|5.124393463134766,88528.851,25,64.8
1511436955000,55.808,52.08600616455078|5.1244797706604,88528.858,22,64.8
1511436956000,55.808,52.08594512939453|5.124526500701904,88528.864,18,64.8
1511436957000,55.808,52.08594512939453|5.124526500701904,88528.868,13,64.8
1511436958000,55.808,52.08585739135742|5.1246018409729,88528.871,6,64.8
1511436959000,55.8,52.08585739135742|5.1246018409729,88528.872,2,64.8
1511436960000,55.8,52.0858039855957|5.124654769897461,88528.872,2,64.8
1511436961000,55.8,52.0858039855957|5.124654769897461,88528.873,6,64.8
1511436962000,55.8,52.08578872680664|5.124670028686523,88528.875,9,64.8
1511436963000,55.8,52.085784912109375|5.124666690826416,88528.879,12,64.8
1511436964000,55.8,52.085784912109375|5.124666690826416,88528.882,11,64.8
1511436965000,55.8,52.08575439453125|5.124691486358643,88528.885,10,64.8
1511436966000,55.8,52.08575439453125|5.124691486358643,88528.888,7,64.8
1511436967000,55.8,52.08570861816406|5.124734878540039,88528.889,4,64.8
1511436968000,55.8,52.085689544677734|5.124764919281006,88528.89,0,64.8
1511436980000,55.8,52.085689544677734|5.124764919281006,88528.89,1,64.8
1511436981000,55.8,52.085689544677734|5.124764919281006,88528.89,2,64.8
1511436982000,55.846,52.085689544677734|5.124764919281006,88528.891,6,64.8
1511436983000,55.846,52.085689544677734|5.124764919281006,88528.894,12,64.8
1511436984000,55.846,52.085689544677734|5.124764919281006,88528.898,15,64.8
1511436985000,55.846,52.085689544677734|5.124764919281006,88528.901,17,64.8
1511436986000,55.846,52.08563232421875|5.124858379364014,88528.907,20,64.8
1511436987000,55.846,52.08561325073242|5.124881744384766,88528.913,23,64.8
1511436988000,55.846,52.085594177246094|5.124903202056885,88528.919,23,64.8
1511436989000,55.846,52.085594177246094|5.124903202056885,88528.926,21,64.8
1511436990000,55.846,52.085506439208984|5.125001430511475,88528.931,19,64.8
1511436991000,55.846,52.085506439208984|5.125001430511475,88528.937,17,64.8
1511436992000,55.919,52.085506439208984|5.125001430511475,88528.941,16,64.8
1511436993000,55.919,52.085384368896484|5.1251349449157715,88528.945,14,64.8
1511436994000,55.919,52.085350036621094|5.125166893005371,88528.949,,64
1511436995000,55.919,52.085350036621094|5.125166893005371,88528.952,14,64
1511436996000,55.919,52.085296630859375|5.125206470489502,88528.957,16,64
1511436997000,55.919,52.085269927978516|5.125223159790039,88528.961,15,64
1511436998000,55.919,52.085269927978516|5.125223159790039,88528.965,13,64
1511436999000,55.919,52.085205078125|5.125259876251221,88528.968,11,64
1511437000000,55.919,52.085205078125|5.125259876251221,88528.971,9,64
1511437001000,55.919,52.085205078125|5.125259876251221,88528.974,11,64
1511437002000,55.919,52.085121154785156|5.1253132820129395,88528.977,13,64
1511437003000,55.959,52.085121154785156|5.1253132820129395,88528.981,16,64
1511437004000,55.959,52.085121154785156|5.1253132820129395,88528.986,16,64
1511437005000,55.959,52.08505630493164|5.125373363494873,88528.989,,64
1511437006000,55.959,52.085025787353516|5.125401496887207,88528.993,11,64
1511437007000,55.959,52.085025787353516|5.125401496887207,88528.996,10,64
1511437008000,55.959,52.0849723815918|5.125464916229248,88528.998,9,64
1511437009000,55.959,52.0849494934082|5.125481605529785,88529.001,10,64
1511437010000,55.959,52.0849494934082|5.125481605529785,88529.004,12,64
1511437011000,55.959,52.08491134643555|5.125516891479492,88529.007,15,64
1511437012000,55.959,52.08491134643555|5.125516891479492,88529.013,16,64
1511437013000,55.959,52.08486557006836|5.125583171844482,88529.017,15,64
1511437014000,56.008,52.08486557006836|5.125583171844482,88529.021,13,64
1511437015000,56.008,52.08479690551758|5.125668525695801,88529.024,12,64
1511437016000,56.008,52.08479690551758|5.125668525695801,88529.028,11,64
1511437017000,56.008,52.084739685058594|5.125728130340576,88529.03,7,64
1511437018000,56.008,52.084739685058594|5.125728130340576,88529.032,5,64
1511437019000,56.008,52.08469772338867|5.1257781982421875,88529.033,3,64
1511437020000,56.008,52.08468246459961|5.125798225402832,88529.034,1,64
1511437021000,56.008,52.08468246459961|5.125798225402832,88529.034,0,64
1511437027000,56.008,52.08468246459961|5.125798225402832,88529.034,3,64
1511437028000,56.025,52.08468246459961|5.125798225402832,88529.035,9,64
1511437029000,56.025,52.08468246459961|5.125798225402832,88529.039,13,64
1511437030000,56.025,52.08468246459961|5.125798225402832,88529.043,16,64
1511437031000,56.025,52.084712982177734|5.125919818878174,88529.047,17,64
1511437032000,56.025,52.084712982177734|5.125919818878174,88529.052,17,64
1511437033000,56.025,52.08470153808594|5.125943183898926,88529.055,17,64
1511437034000,56.025,52.08470153808594|5.125943183898926,88529.061,15,64
1511437035000,56.025,52.084632873535156|5.1260151863098145,88529.065,13,64
1511437036000,56.025,52.084632873535156|5.1260151863098145,88529.068,12,64
1511437037000,56.025,52.08456039428711|5.126091480255127,88529.072,10,64
1511437038000,56.082,52.08456039428711|5.126091480255127,88529.074,9,64
1511437039000,56.082,52.08449935913086|5.1261515617370605,88529.077,8,64
1511437040000,56.082,52.084468841552734|5.126171588897705,88529.079,6,64
1511437041000,56.082,52.084468841552734|5.126171588897705,88529.08,4,64
1511437042000,56.082,52.08441925048828|5.126204967498779,88529.081,3,64
1511437043000,56.082,52.08440399169922|5.126216888427734,88529.081,0,64
1511437061000,56.082,52.08440399169922|5.126216888427734,88529.082,1,64
1511437062000,56.111,52.08440399169922|5.126216888427734,88529.082,2,64
1511437063000,56.111,52.08440399169922|5.126216888427734,88529.083,3,64
1511437064000,56.111,52.08440399169922|5.126216888427734,88529.084,4,64
1511437065000,56.111,52.08430480957031|5.126190185546875,88529.085,3,64
1511437066000,56.111,52.08430480957031|5.126190185546875,88529.086,3,64
1511437067000,56.111,52.084285736083984|5.126208305358887,88529.087,4,64
1511437068000,56.111,52.084266662597656|5.126214981079102,88529.088,4,64
1511437069000,56.111,52.084266662597656|5.126214981079102,88529.089,5,64
1511437070000,56.111,52.08424377441406|5.1262383460998535,88529.09,7,64
1511437071000,56.111,52.08424377441406|5.1262383460998535,88529.093,10,64
1511437072000,56.111,52.08424377441406|5.1262383460998535,88529.096,13,64
1511437073000,56.158,52.08420181274414|5.126251697540283,88529.099,15,64
1511437074000,56.158,52.084190368652344|5.126253128051758,88529.105,21,64
1511437075000,56.158,52.084190368652344|5.126253128051758,88529.112,26,64
1511437076000,56.158,52.08415222167969|5.126220226287842,88529.119,28,64
1511437077000,56.158,52.08415222167969|5.126220226287842,88529.128,31,64
1511437078000,56.158,52.08415222167969|5.126220226287842,88529.137,33,64
1511437079000,56.158,52.084041595458984|5.126013278961182,88529.146,34,64
1511437080000,56.158,52.084041595458984|5.126013278961182,88529.155,34,64
1511437081000,56.158,52.084041595458984|5.126013278961182,88529.165,33,64
1511437082000,56.158,52.08390426635742|5.125706672668457,88529.171,31,64
1511437083000,56.296,52.08390426635742|5.125706672668457,88529.181,27,64
1511437084000,56.296,52.08381652832031|5.125484943389893,88529.189,25,64
1511437085000,56.296,52.08381652832031|5.125484943389893,88529.195,23,64
1511437086000,56.296,52.083736419677734|5.12528657913208,88529.201,20,64
1511437087000,56.296,52.083736419677734|5.12528657913208,88529.206,18,64
1511437088000,56.296,52.08367919921875|5.125123500823975,88529.211,16,64
1511437089000,56.296,52.08367919921875|5.125123500823975,88529.215,13,64
1511437090000,56.296,52.08363342285156|5.1249918937683105,88529.218,11,64
1511437091000,56.296,52.08363342285156|5.1249918937683105,88529.221,7,64
1511437092000,56.296,52.08363342285156|5.1249918937683105,88529.223,4,64
1511437093000,56.296,52.08359146118164|5.124858379364014,88529.224,2,64
1511437094000,56.296,52.08359146118164|5.124858379364014,88529.224,0,64
1511437126000,56.258,52.08359146118164|5.124858379364014,88529.224,2,64
1511437127000,56.258,52.083580017089844|5.124818325042725,88529.225,6,64
1511437128000,56.258,52.083580017089844|5.124818325042725,88529.228,9,64
1511437129000,56.258,52.083580017089844|5.124818325042725,88529.23,10,64
1511437130000,56.258,52.08354568481445|5.124804973602295,88529.233,10,64
1511437131000,56.258,52.08353805541992|5.1247782707214355,88529.236,9,64
1511437132000,56.258,52.08353805541992|5.1247782707214355,88529.238,9,64
1511437133000,56.258,52.08351516723633|5.12472677230835,88529.24,8,64
1511437134000,56.258,52.08350372314453|5.124696731567383,88529.243,7,64
1511437135000,56.258,52.08350372314453|5.124696731567383,88529.245,6,64
1511437136000,56.258,52.08348083496094|5.124645233154297,88529.246,6,64
1511437137000,56.283,52.08348083496094|5.124645233154297,88529.248,5,64
1511437138000,56.283,52.08348083496094|5.124645233154297,88529.249,5,64
1511437139000,56.283,52.08344650268555|5.124553203582764,88529.251,5,64
1511437140000,56.283,52.083438873291016|5.124536514282227,88529.252,7,64
1511437141000,56.283,52.083438873291016|5.124536514282227,88529.255,9,64
1511437142000,56.283,52.08342742919922|5.12451171875,88529.257,11,64
1511437143000,56.283,52.08340835571289|5.1245198249816895,88529.261,15,64
1511437144000,56.283,52.08340835571289|5.1245198249816895,88529.266,18,64
1511437145000,56.283,52.08335494995117|5.124546527862549,88529.27,21,64
1511437146000,56.283,52.08335494995117|5.124546527862549,88529.278,25,64
1511437147000,56.283,52.083290100097656|5.124581813812256,88529.285,27,64
1511437148000,56.37,52.083248138427734|5.124608516693115,88529.292,27,64
1511437149000,56.37,52.083248138427734|5.124608516693115,88529.3,25,64
1511437150000,56.37,52.08314514160156|5.124680042266846,88529.307,23,64
1511437151000,56.37,52.08314514160156|5.124680042266846,88529.313,22,64
1511437152000,56.37,52.08314514160156|5.124680042266846,88529.319,23,64
1511437153000,56.37,52.0829963684082|5.124806880950928,88529.325,23,64
1511437154000,56.37,52.082950592041016|5.1248297691345215,88529.332,23,64
1511437155000,56.37,52.082950592041016|5.1248297691345215,88529.338,21,64
1511437156000,56.37,52.082855224609375|5.124993324279785,88529.344,19,64
1511437157000,56.37,52.082855224609375|5.124993324279785,88529.349,17,64
1511437158000,56.37,52.082855224609375|5.124993324279785,88529.353,16,64
1511437159000,56.399,52.082740783691406|5.125199794769287,88529.356,14,64
1511437160000,56.399,52.08271026611328|5.125256538391113,88529.361,12,64
1511437161000,56.399,52.08268737792969|5.125301837921143,88529.364,11,64
1511437162000,56.399,52.08268737792969|5.125301837921143,88529.367,10,64
1511437163000,56.399,52.08264923095703|5.125373363494873,88529.37,10,64
1511437164000,56.399,52.08264923095703|5.125373363494873,88529.373,12,64
1511437165000,56.399,52.08260726928711|5.125414848327637,88529.376,15,64
1511437166000,56.399,52.08260726928711|5.125414848327637,88529.381,20,64
1511437167000,56.399,52.082557678222656|5.125421524047852,88529.388,25,64
1511437168000,56.399,52.08253479003906|5.125394821166992,88529.395,29,64
1511437169000,56.492,52.08253479003906|5.125394821166992,88529.403,30,64
1511437170000,56.492,52.08243942260742|5.125306606292725,88529.412,32,64
1511437171000,56.492,52.08243942260742|5.125306606292725,88529.421,33,64
1511437172000,56.492,52.08243942260742|5.125306606292725,88529.431,34,64
1511437173000,56.492,52.082279205322266|5.125086784362793,88529.437,34,64
1511437174000,56.492,52.082279205322266|5.125086784362793,88529.448,29,64
1511437175000,56.492,52.082191467285156|5.1248884201049805,88529.456,27,64
1511437176000,56.492,52.082191467285156|5.1248884201049805,88529.463,24,64
1511437177000,56.492,52.082115173339844|5.1246867179870605,88529.47,21,64
1511437178000,56.492,52.082115173339844|5.1246867179870605,88529.475,18,64
1511437179000,56.492,52.082054138183594|5.12450647354126,88529.48,14,64
1511437180000,56.492,52.082054138183594|5.12450647354126,88529.483,11,64
1511437181000,56.527,52.082054138183594|5.12450647354126,88529.486,9,64
1511437182000,56.527,52.08199691772461|5.1243133544921875,88529.488,8,64
1511437183000,56.527,52.08199691772461|5.1243133544921875,88529.49,6,64
1511437184000,56.527,52.08197784423828|5.124243259429932,88529.492,8,64
1511437185000,56.527,52.08197784423828|5.124243259429932,88529.494,9,64
1511437186000,56.527,52.08197021484375|5.124166488647461,88529.497,7,64
1511437187000,56.527,52.08195495605469|5.124136447906494,88529.499,6,64
1511437188000,56.527,52.08195495605469|5.124136447906494,88529.5,5,64
1511437189000,56.527,52.081932067871094|5.124083518981934,88529.501,5,64
1511437190000,56.527,52.081932067871094|5.124083518981934,88529.503,5,64
1511437191000,56.527,52.0819091796875|5.1240434646606445,88529.504,4,64
1511437192000,56.527,52.08190155029297|5.1240315437316895,88529.505,4,64
1511437193000,56.569,52.08190155029297|5.1240315437316895,88529.506,4,64
1511437194000,56.569,52.08187484741211|5.124026775360107,88529.507,6,64
1511437195000,56.569,52.08187484741211|5.124026775360107,88529.509,8,64
1511437196000,56.569,52.08184814453125|5.1240315437316895,88529.512,10,64
1511437197000,56.569,52.08184814453125|5.1240315437316895,88529.515,10,64
1511437198000,56.569,52.08184814453125|5.1240315437316895,88529.517,9,64
1511437199000,56.569,52.081783294677734|5.124064922332764,88529.519,9,64
1511437200000,56.569,52.081783294677734|5.124064922332764,88529.522,6,64
1511437201000,56.569,52.08173751831055|5.124084949493408,88529.523,3,64
1511437202000,56.569,52.08173751831055|5.124084949493408,88529.524,1,64
1511437203000,56.569,52.08169937133789|5.124091625213623,88529.524,0,64
1511437215000,56.569,52.08169937133789|5.124091625213623,88529.524,1,64
1511437216000,56.569,52.08169937133789|5.124091625213623,88529.524,2,64
1511437217000,56.611,52.08169937133789|5.124091625213623,88529.525,7,64
1511437218000,56.611,52.08169937133789|5.124091625213623,88529.528,13,64
1511437219000,56.611,52.08169937133789|5.124091625213623,88529.531,15,64
1511437220000,56.611,52.08165740966797|5.124091625213623,88529.536,17,64
1511437221000,56.611,52.08165740966797|5.124091625213623,88529.541,14,64
1511437222000,56.611,52.081600189208984|5.124128341674805,88529.544,13,64
1511437223000,56.611,52.081600189208984|5.124128341674805,88529.548,11,64
1511437224000,56.611,52.08152770996094|5.124166488647461,88529.551,10,64
1511437225000,56.611,52.08149719238281|5.124183177947998,88529.553,9,64
1511437226000,56.611,52.08149719238281|5.124183177947998,88529.556,6,64
1511437227000,56.669,52.081443786621094|5.124209880828857,88529.557,5,64
1511437228000,56.669,52.081424713134766|5.124218463897705,88529.558,5,64
1511437229000,56.669,52.081424713134766|5.124218463897705,88529.56,9,64
1511437230000,56.669,52.08139419555664|5.124241828918457,88529.563,14,64
1511437231000,56.669,52.08139419555664|5.124241828918457,88529.568,18,64
1511437232000,56.669,52.08139419555664|5.124241828918457,88529.574,22,64
1511437233000,56.669,52.081336975097656|5.124276638031006,88529.578,24,64
1511437234000,56.669,52.081336975097656|5.124276638031006,88529.587,24,64
1511437235000,56.669,52.08125305175781|5.124263286590576,88529.593,21,64
1511437236000,56.669,52.081199645996094|5.124228477478027,88529.599,18,64
1511437237000,56.749,52.081199645996094|5.124228477478027,88529.603,14,64
1511437238000,56.749,52.081199645996094|5.124228477478027,88529.606,11,64
1511437239000,56.749,52.081077575683594|5.124103546142578,88529.609,9,64
1511437240000,56.749,52.081077575683594|5.124103546142578,88529.612,9,64
1511437241000,56.749,52.081077575683594|5.124103546142578,88529.614,5,64
1511437242000,56.749,52.08103942871094|5.123983383178711,88529.615,5,64
1511437243000,56.749,52.08103942871094|5.123983383178711,88529.616,4,64
1511437244000,56.749,52.08103942871094|5.123983383178711,88529.617,6,64
1511437245000,56.749,52.08103942871094|5.123896598815918,88529.619,10,64
1511437246000,56.749,52.08103942871094|5.123896598815918,88529.624,18,64
1511437247000,56.749,52.0810432434082|5.123855113983154,88529.63,25,64
1511437248000,56.813,52.0810432434082|5.123855113983154,88529.637,28,64
1511437249000,56.813,52.0810546875|5.123758316040039,88529.645,29,64
1511437250000,56.813,52.0810661315918|5.123673439025879,88529.653,29,64
1511437251000,56.813,52.0810661315918|5.123673439025879,88529.661,29,64
1511437252000,56.813,52.0810661315918|5.123673439025879,88529.669,27,63.2
1511437253000,56.813,52.08107376098633|5.123340129852295,88529.676,24,63.2
1511437254000,56.813,52.08106231689453|5.123231887817383,88529.682,22,63.2
1511437255000,56.813,52.08106231689453|5.123231887817383,88529.688,22,63.2
,56.813,52.081024169921875|5.123051643371582,88529.694,22,63.2
1511437257000,56.813,52.08100128173828|5.122976779937744,88529.7,20,63.2
1511437258000,56.853,52.08100128173828|5.122976779937744,88529.706,19,63.2
1511437259000,56.853,52.08095169067383|5.122835159301758,88529.711,17,63.2
1511437260000,56.853,52.08095169067383|5.122835159301758,88529.715,14,63.2
1511437261000,56.853,52.08095169067383|5.122835159301758,88529.719,11,63.2
1511437262000,56.853,52.08088684082031|5.122674942016602,88529.721,9,63.2
1511437263000,56.853,52.08087158203125|5.12262487411499,88529.723,7,63.2
1511437264000,56.853,52.08087158203125|5.12262487411499,88529.725,5,63.2
1511437265000,56.853,52.08084487915039|5.122560024261475,88529.726,4,63.2
1511437266000,56.853,52.08083724975586|5.122536659240723,88529.727,4,63.2
1511437267000,56.853,52.08082962036133|5.122516632080078,88529.728,2,63.2
1511437268000,56.853,52.0808219909668|5.122493267059326,88529.728,1,63.2
1511437269000,56.869,52.080814361572266|5.122481822967529,88529.729,0,63.2
1511437272000,56.869,52.080814361572266|5.122481822967529,88529.729,1,63.2
1511437273000,56.869,52.080814361572266|5.122481822967529,88529.729,0,63.2
1511437308000,56.869,52.080814361572266|5.122481822967529,88529.729,4,63.2
1511437309000,56.876,52.080814361572266|5.122481822967529,88529.731,10,63.2
1511437310000,56.876,52.080814361572266|5.122481822967529,88529.734,15,63.2
1511437311000,56.876,52.080814361572266|5.122481822967529,88529.74,17,63.2
1511437312000,56.876,52.080814361572266|5.122481822967529,88529.745,17,63.2
1511437313000,56.876,52.08074188232422|5.122326850891113,88529.748,17,63.2
1511437314000,56.876,52.08073043823242|5.122286796569824,88529.754,15,63.2
1511437315000,56.876,52.08073043823242|5.122286796569824,88529.758,14,63.2
1511437316000,56.876,52.0806884765625|5.122204780578613,88529.76,12,63.2
1511437317000,56.876,52.08066177368164|5.122171878814697,88529.764,9,63.2
1511437318000,56.876,52.08066177368164|5.122171878814697,88529.766,7,63.2
1511437319000,56.876,52.08060836791992|5.122105121612549,88529.767,5,63.2
1511437320000,56.908,52.08058166503906|5.122079849243164,88529.768,1,63.2
1511437321000,56.908,52.08056640625|5.122061729431152,88529.769,0,63.2
1511437358000,56.908,52.08056640625|5.122061729431152,88529.769,2,63.2
1511437359000,56.913,52.08056640625|5.122061729431152,88529.77,6,63.2
1511437360000,56.913,52.08056640625|5.122061729431152,88529.774,16,63.2
1511437361000,56.913,52.08056640625|5.122061729431152,88529.779,23,63.2
1511437362000,56.913,52.08049774169922|5.121886730194092,88529.785,29,63.2
1511437363000,56.913,52.08049774169922|5.121886730194092,88529.795,34,63.2
1511437364000,56.913,52.0804443359375|5.121803283691406,88529.805,36,63.2
1511437365000,56.913,52.0804443359375|5.121803283691406,88529.814,37,63.2
1511437366000,56.913,52.08031463623047|5.121663570404053,88529.826,38,63.2
1511437367000,56.913,52.08031463623047|5.121663570404053,88529.836,36,63.2
1511437368000,56.913,52.080169677734375|5.121483325958252,88529.846,36,63.2
1511437369000,57.069,52.080169677734375|5.121483325958252,88529.856,36,63.2
1511437370000,57.069,52.080020904541016|5.121319770812988,88529.866,36,63.2
1511437371000,57.069,52.07994842529297|5.121241569519043,88529.876,37,63.2
1511437372000,57.069,52.07994842529297|5.121241569519043,88529.886,38,63.2
1511437373000,57.069,52.079803466796875|5.121085166931152,88529.897,40,63.2
1511437374000,57.069,52.079734802246094|5.121003150939941,88529.908,41,63.2
1511437375000,57.069,52.079734802246094|5.121003150939941,88529.919,40,63.2
1511437376000,57.069,52.0795783996582|5.120831489562988,88529.93,37,63.2
1511437377000,57.069,52.0795783996582|5.120831489562988,88529.94,33,63.2
1511437378000,57.069,52.0795783996582|5.120831489562988,88529.948,27,63.2
1511437379000,57.074,52.079349517822266|5.120564937591553,88529.955,23,63.2
1511437380000,57.074,52.079280853271484|5.12049674987793,88529.961,18,63.2
1511437381000,57.074,52.079280853271484|5.12049674987793,88529.965,13,63.2
1511437382000,57.074,52.07915496826172|5.1203718185424805,88529.967,12,63.2
1511437383000,57.074,52.079132080078125|5.12029504776001,88529.973,15,63.2
1511437384000,57.074,52.079132080078125|5.12029504776001,88529.977,17,63.2
1511437385000,57.074,52.079078674316406|5.120244979858398,88529.981,17,63.2
1511437386000,57.074,52.079044342041016|5.1202216148376465,88529.987,15,63.2
1511437387000,57.074,52.079010009765625|5.120190143585205,88529.991,14,63.2
1511437388000,57.074,52.079010009765625|5.120190143585205,88529.994,15,63.2
1511437389000,57.074,52.07896041870117|5.120128154754639,88529.999,19,63.2
1511437390000,57.134,52.07896041870117|5.120128154754639,88530.006,26,63.2
1511437391000,57.134,52.07893371582031|5.120048522949219,88530.013,31,63.2
1511437392000,57.134,52.07893753051758|5.11998176574707,88530.023,34,63.2
1511437393000,57.134,52.07893753051758|5.11998176574707,88530.032,32,63.2
1511437394000,57.134,52.07899856567383|5.119790077209473,88530.041,30,63.2
1511437395000,57.134,52.07899856567383|5.119790077209473,88530.048,27,63.2
1511437396000,57.134,52.079097747802734|5.119579792022705,88530.056,24,63.2
1511437397000,57.134,52.07914733886719|5.119481563568115,88530.062,21,63.2
1511437398000,57.134,52.07914733886719|5.119481563568115,88530.067,17,63.2
1511437399000,57.134,52.07923126220703|5.11930513381958,88530.07,13,63.2
1511437400000,57.189,52.079261779785156|5.119235038757324,88530.073,7,63.2
1511437401000,57.189,52.079261779785156|5.119235038757324,88530.075,5,63.2
1511437402000,57.189,52.07929229736328|5.119143486022949,88530.076,6,63.2
1511437403000,57.189,52.07929229736328|5.119143486022949,88530.079,11,63.2
1511437404000,57.189,52.079307556152344|5.119104862213135,88530.083,17,63.2
1511437405000,57.189,52.079307556152344|5.119104862213135,88530.088,21,63.2
1511437406000,57.189,52.07933807373047|5.119046688079834,88530.095,24,63.2
1511437407000,57.189,52.079368591308594|5.118991851806641,88530.102,28,63.2
1511437408000,57.189,52.079368591308594|5.118991851806641,88530.11,31,63.2
1511437409000,57.189,52.079368591308594|5.118991851806641,88530.119,34,63.2
1511437410000,57.189,52.07951354980469|5.118806838989258,88530.129,35,63.2
1511437411000,57.351,52.07951354980469|5.118806838989258,88530.138,34,63.2
1511437412000,57.351,52.07951354980469|5.118806838989258,88530.148,34,62
1511437413000,57.351,52.079750061035156|5.118758201599121,88530.154,33,62
1511437414000,57.351,52.079830169677734|5.118748188018799,88530.166,34,62
1511437415000,57.351,52.079830169677734|5.118748188018799,88530.176,38,62
1511437416000,57.351,52.07998275756836|5.118666648864746,88530.187,42,62
1511437417000,57.351,52.07998275756836|5.118666648864746,88530.199,44,62
1511437418000,57.351,52.07998275756836|5.118666648864746,88530.212,46,62
1511437419000,57.351,52.08018112182617|5.118354797363281,88530.225,47,62
1511437420000,57.351,52.08024978637695|5.118229866027832,88530.238,47,62
1511437421000,57.351,52.08024978637695|5.118229866027832,88530.251,47,62
1511437422000,57.552,52.08040237426758|5.117968559265137,88530.26,47,62
1511437423000,57.552,52.080482482910156|5.117841720581055,88530.277,48,62
1511437424000,57.552,52.080482482910156|5.117841720581055,88530.29,48,62
1511437425000,57.552,52.08064270019531|5.117585182189941,88530.301,49,62
1511437426000,57.552,52.08072280883789|5.117455005645752,88530.318,50,62
1511437427000,57.552,52.080806732177734|5.117330074310303,88530.332,50,62
1511437428000,57.552,52.080806732177734|5.117330074310303,88530.344,49,62
1511437429000,57.552,52.08098220825195|5.117088317871094,88530.359,47,62
1511437430000,57.552,52.08107376098633|5.116966724395752,88530.372,47,62
1511437431000,57.552,52.08116149902344|5.116846561431885,88530.385,48,62
1511437432000,57.659,52.08116149902344|5.116846561431885,88530.397,48,62
1511437433000,57.659,52.081329345703125|5.116616725921631,88530.412,49,62
1511437434000,57.659,52.081329345703125|5.116616725921631,88530.425,50,62
1511437435000,57.659,52.081329345703125|5.116616725921631,88530.439,50,62
1511437436000,57.659,52.08158493041992|5.116246700286865,88530.448,50,62
1511437437000,57.659,52.08158493041992|5.116246700286865,88530.467,50,62
1511437438000,57.659,52.08158493041992|5.116246700286865,88530.481,51,62
1511437439000,57.659,52.08186340332031|5.115874767303467,88530.491,51,62
1511437440000,57.659,52.08186340332031|5.115874767303467,88530.51,51,62
1511437441000,57.659,52.08186340332031|5.115874767303467,88530.524,51,62
1511437442000,57.758,52.0821647644043|5.115541458129883,88530.535,51,62
1511437443000,57.758,52.082271575927734|5.1154398918151855,88530.552,51,62
1511437444000,57.758,52.082374572753906|5.115338325500488,88530.566,52,62
1511437445000,57.758,52.08247756958008|5.115238189697266,88530.579,52,62
1511437446000,57.758,52.08247756958008|5.115238189697266,88530.595,52,62
1511437447000,57.758,52.08269119262695|5.115041732788086,88530.61,52,62
1511437448000,57.758,52.08279800415039|5.114944934844971,88530.624,52,62
1511437449000,57.758,52.08279800415039|5.114944934844971,88530.638,52,62
1511437450000,57.758,52.083011627197266|5.114745140075684,88530.653,52,62
1511437451000,57.758,52.08312225341797|5.114645004272461,88530.667,52,62
1511437452000,57.758,52.08312225341797|5.114645004272461,88530.682,51,62
1511437453000,57.829,52.083335876464844|5.114446640014648,88530.691,51,62
1511437454000,57.829,52.083438873291016|5.114346504211426,88530.71,50,62
1511437455000,57.829,52.08354187011719|5.114250183105469,88530.724,50,62
1511437456000,57.829,52.08364486694336|5.1141533851623535,88530.737,48,62
1511437457000,57.829,52.08364486694336|5.1141533851623535,88530.75,45,62
1511437458000,57.829,52.08364486694336|5.1141533851623535,88530.762,43,62
1511437459000,57.829,52.083946228027344|5.113864898681641,88530.774,41,62
1511437460000,57.829,52.08403778076172|5.113778114318848,88530.785,40,62
1511437461000,57.829,52.08403778076172|5.113778114318848,88530.796,39,62
1511437462000,57.829,52.08420944213867|5.1136250495910645,88530.804,39,62
1511437463000,57.829,52.084293365478516|5.113551616668701,88530.818,39,62
1511437464000,57.778,52.084293365478516|5.113551616668701,88530.828,38,62
1511437465000,57.778,52.08445358276367|5.1134033203125,88530.837,37,62
1511437466000,57.778,52.08445358276367|5.1134033203125,88530.849,37,62
1511437467000,57.778,52.08460998535156|5.113259792327881,88530.859,38,62
1511437468000,57.778,52.08469009399414|5.113190174102783,88530.87,37,62
1511437469000,57.778,52.08469009399414|5.113190174102783,88530.88,37,62
1511437470000,57.778,52.08484649658203|5.1130499839782715,88530.89,36,62
1511437471000,57.778,52.08484649658203|5.1130499839782715,88530.9,36,62
1511437472000,57.778,52.08484649658203|5.1130499839782715,88530.91,36,62
1511437473000,57.778,52.0850715637207|5.112834930419922,88530.92,36,62
1511437474000,57.778,52.085147857666016|5.112768173217773,88530.93,36,62
1511437475000,57.799,52.085147857666016|5.112768173217773,88530.94,37,62
1511437476000,57.799,52.085296630859375|5.112633228302002,88530.951,38,62
1511437477000,57.799,52.08536911010742|5.112563133239746,88530.961,38,62
1511437478000,57.799,52.08544158935547|5.112491607666016,88530.972,38,62
1511437479000,57.799,52.08544158935547|5.112491607666016,88530.982,38,62
1511437480000,57.799,52.08559799194336|5.112345218658447,88530.993,38,62
1511437481000,57.799,52.08559799194336|5.112345218658447,88531.003,36,62
1511437482000,57.799,52.08575439453125|5.112201690673828,88531.013,35,62
1511437483000,57.799,52.08575439453125|5.112201690673828,88531.022,34,62
1511437484000,57.799,52.08575439453125|5.112201690673828,88531.031,32,62
1511437485000,57.817,52.085975646972656|5.111996650695801,88531.038,32,62
1511437486000,57.817,52.0860481262207|5.11193323135376,88531.05,36,62
1511437487000,57.817,52.0860481262207|5.11193323135376,88531.06,39,62
1511437488000,57.817,52.086181640625|5.111810207366943,88531.069,40,62
1511437489000,57.817,52.086181640625|5.111810207366943,88531.083,41,62
1511437490000,57.817,52.08633804321289|5.111668109893799,88531.095,42,62
1511437491000,57.817,52.08641815185547|5.111588478088379,88531.105,43,62
1511437492000,57.817,52.08650588989258|5.111505031585693,88531.118,43,62
1511437493000,57.817,52.08650588989258|5.111505031585693,88531.13,43,62
1511437494000,57.817,52.086673736572266|5.11131477355957,88531.142,42,62
1511437495000,57.932,52.086673736572266|5.11131477355957,88531.153,42,62
1511437496000,57.932,52.08683776855469|5.111111640930176,88531.165,40,62
1511437497000,57.932,52.08683776855469|5.111111640930176,88531.176,37,62
1511437498000,57.932,52.08683776855469|5.111111640930176,88531.186,35,62
1511437499000,57.932,52.08707046508789|5.1108198165893555,88531.192,33,62
1511437500000,57.932,52.0871467590332|5.110733509063721,88531.204,31,62
1511437501000,57.932,52.0871467590332|5.110733509063721,88531.212,30,62
1511437502000,57.932,52.0872802734375|5.110583305358887,88531.219,29,62
1511437503000,57.932,52.087337493896484|5.110508441925049,88531.228,27,62
1511437504000,57.932,52.087337493896484|5.110508441925049,88531.235,25,62
1511437505000,57.932,52.087425231933594|5.110334873199463,88531.242,24,62
1511437506000,57.888,52.087425231933594|5.110334873199463,88531.249,24,62
1511437507000,57.888,52.087467193603516|5.110145092010498,88531.256,25,62
1511437508000,57.888,52.08748245239258|5.110060214996338,88531.263,26,62
1511437509000,57.888,52.08748245239258|5.110060214996338,88531.27,28,62
1511437510000,57.888,52.087528228759766|5.109910011291504,88531.278,29,62
1511437511000,57.888,52.08756637573242|5.109838485717773,88531.286,31,62
1511437512000,57.888,52.08756637573242|5.109838485717773,88531.295,31,62
1511437513000,57.888,52.08767318725586|5.109708309173584,88531.301,32,62
1511437514000,57.888,52.087738037109375|5.109646797180176,88531.312,31,62
1511437515000,57.888,52.087799072265625|5.109583377838135,88531.321,31,62
1511437516000,57.888,52.087799072265625|5.109583377838135,88531.329,29,62
1511437517000,57.942,52.08792495727539|5.10945987701416,88531.337,28,62
1511437518000,57.942,52.08792495727539|5.10945987701416,88531.345,25,62
1511437519000,57.942,52.088043212890625|5.109344959259033,88531.351,22,62
1511437520000,57.942,52.08810043334961|5.109298229217529,88531.357,22,62
1511437521000,57.942,52.08810043334961|5.109298229217529,88531.363,20,62
1511437522000,57.942,52.08819580078125|5.109224796295166,88531.367,19,62
1511437523000,57.942,52.08824157714844|5.109188556671143,88531.373,17,62
1511437524000,57.942,52.08824157714844|5.109188556671143,88531.378,15,62
1511437525000,57.942,52.088314056396484|5.109121799468994,88531.381,14,62
1511437526000,57.942,52.088348388671875|5.109096527099609,88531.385,11,62
1511437527000,57.942,52.08837890625|5.109073162078857,88531.388,8,62
1511437528000,57.926,52.08837890625|5.109073162078857,88531.389,5,62
1511437529000,57.926,52.088417053222656|5.109029769897461,88531.39,2,62
1511437530000,57.926,52.08842468261719|5.109020233154297,88531.391,0,62
1511437549000,57.933,52.08842468261719|5.109020233154297,88531.391,3,62
1511437550000,57.933,52.08842468261719|5.109020233154297,88531.392,,62
1511437551000,57.933,52.08842468261719|5.109020233154297,88531.395,13,62
1511437552000,57.933,52.08842468261719|5.109020233154297,88531.4,19,62
1511437553000,57.933,52.08842468261719|5.109035015106201,88531.405,23,62
1511437554000,57.933,52.08845520019531|5.108994960784912,88531.413,26,62
1511437555000,57.933,52.08845520019531|5.108994960784912,88531.421,29,62
1511437556000,57.933,52.08849334716797|5.108961582183838,88531.425,30,62
1511437557000,57.933,52.08849334716797|5.108961582183838,88531.438,32,62
1511437558000,57.933,52.08849334716797|5.108961582183838,88531.447,32,62
1511437559000,57.933,52.08860778808594|5.108839988708496,88531.453,29,62
1511437560000,58.07,52.08864974975586|5.108795166015625,88531.462,26,62
1511437561000,58.07,52.08864974975586|5.108795166015625,88531.469,24,62
1511437562000,58.07,52.08871841430664|5.10869836807251,88531.475,22,62
1511437563000,58.07,52.08871841430664|5.10869836807251,88531.482,20,62
1511437564000,58.07,52.0887565612793|5.10858678817749,88531.487,18,62
1511437565000,58.07,52.0887565612793|5.10858678817749,88531.491,16,62
1511437566000,58.07,52.0887565612793|5.10858678817749,88531.496,15,62
1511437567000,58.07,52.08883285522461|5.108408451080322,88531.5,14,62
1511437568000,58.07,52.08885955810547|5.108348369598389,88531.504,15,62
1511437569000,58.07,52.08885955810547|5.108348369598389,88531.508,15,62
1511437570000,58.066,52.08890151977539|5.108226776123047,88531.512,16,62
1511437571000,58.066,52.088924407958984|5.108160018920898,88531.516,16,62
1511437572000,58.066,52.088924407958984|5.108160018920898,88531.521,18,62
1511437573000,58.066,52.088966369628906|5.108048439025879,88531.526,19,62
1511437574000,58.066,52.088985443115234|5.107991695404053,88531.532,20,62
1511437575000,58.066,52.088985443115234|5.107991695404053,88531.537,22,62
1511437576000,58.066,52.089019775390625|5.1078667640686035,88531.544,,62
1511437577000,58.066,52.08903121948242|5.10779333114624,88531.552,30,62
1511437578000,58.066,52.08903121948242|5.10779333114624,88531.561,32,62
1511437579000,58.066,52.08903121948242|5.10779333114624,88531.569,32,62
1511437580000,58.066,52.089176177978516|5.107791900634766,88531.578,31,62
1511437581000,58.173,52.089176177978516|5.107791900634766,88531.586,28,62
1511437582000,58.173,52.08952713012695|5.107581615447998,88531.594,26,62
1511437583000,58.173,52.08952713012695|5.107581615447998,88531.601,25,62
1511437584000,58.173,52.089656829833984|5.107638359069824,88531.608,23,62
1511437585000,58.173,52.089691162109375|5.107491493225098,88531.612,21,62
1511437586000,58.173,52.08974838256836|5.10731315612793,88531.619,18,62
1511437587000,58.173,52.08974838256836|5.10731315612793,88531.624,18,62
1511437588000,58.173,52.089847564697266|5.107023239135742,88531.628,18,62
1511437589000,58.173,52.089847564697266|5.107023239135742,88531.633,16,62
1511437590000,58.173,52.089908599853516|5.106884956359863,88531.638,14,62
1511437591000,58.173,52.089908599853516|5.106884956359863,88531.641,12,62
1511437592000,58.168,52.0899543762207|5.106911659240723,88531.645,11,62
1511437593000,58.168,52.08995819091797|5.106861591339111,88531.647,8,62
1511437594000,58.168,52.08995819091797|5.106861591339111,88531.649,6,62
1511437595000,58.168,52.08995819091797|5.106861591339111,88531.651,3,62
1511437596000,58.168,52.08998489379883|5.1067633628845215,88531.651,0,62
1511437610000,58.168,52.08998489379883|5.1067633628845215,88531.651,2,62
1511437611000,58.195,52.08998489379883|5.1067633628845215,88531.653,9,62
1511437612000,58.195,52.08998489379883|5.1067633628845215,88531.656,14,62
1511437613000,58.195,52.08998489379883|5.1067633628845215,88531.659,16,62
1511437614000,58.195,52.09000778198242|5.106925010681152,88531.665,17,62
1511437615000,58.195,52.08999252319336|5.106888294219971,88531.67,17,62
1511437616000,58.195,52.08999252319336|5.106888294219971,88531.675,17,62
1511437617000,58.195,52.089935302734375|5.106776714324951,88531.679,18,62
1511437618000,58.195,52.089935302734375|5.106776714324951,88531.685,21,62
1511437619000,58.195,52.089866638183594|5.106681823730469,88531.689,23,62
1511437620000,58.195,52.089866638183594|5.106681823730469,88531.698,28,60.8
1511437621000,58.195,52.089866638183594|5.106681823730469,88531.707,29,60.8
1511437622000,58.325,52.089786529541016|5.106446743011475,88531.713,28,60.8
1511437623000,58.325,52.089786529541016|5.106446743011475,88531.722,25,60.8
1511437624000,58.325,52.089752197265625|5.106194972991943,88531.729,23,60.8
1511437625000,58.325,52.089752197265625|5.106194972991943,88531.734,21,60.8
1511437626000,58.325,52.08974075317383|5.1059699058532715,88531.74,18,60.8
1511437627000,58.325,52.08974075317383|5.1059699058532715,88531.745,16,60.8
1511437628000,58.325,52.089725494384766|5.105774879455566,88531.749,15,60.8
1511437629000,58.325,52.089725494384766|5.105774879455566,88531.753,16,60.8
1511437630000,58.325,52.08967590332031|5.105675220489502,88531.758,20,60.8
1511437631000,58.325,52.08967590332031|5.105675220489502,88531.764,20,60.8
1511437632000,58.346,52.08967590332031|5.105675220489502,88531.769,19,60.8
1511437633000,58.346,52.089561462402344|5.1056365966796875,88531.774,17,60.8
1511437634000,58.346,52.08950424194336|5.105669975280762,88531.778,17,60.8
1511437635000,58.346,52.08950424194336|5.105669975280762,88531.783,16,60.8
1511437636000,58.346,52.08940124511719|5.105764865875244,88531.786,15,60.8
1511437637000,58.346,52.08940124511719|5.105764865875244,88531.791,13,60.8
1511437638000,58.346,52.08940124511719|5.105764865875244,88531.795,12,60.8
1511437639000,58.346,52.08932113647461|5.105909824371338,88531.797,12,60.8
1511437640000,58.346,52.08932113647461|5.105909824371338,88531.801,10,60.8
1511437641000,58.346,52.08931350708008|5.106013298034668,88531.803,8,60.8
1511437642000,58.346,52.089324951171875|5.10605001449585,88531.805,5,60.8
1511437643000,58.361,52.08932876586914|5.106080055236816,88531.806,3,60.8
1511437644000,58.361,52.08932876586914|5.106080055236816,88531.807,1,60.8
1511437645000,58.361,52.08932876586914|5.106106758117676,88531.807,0,60.8
1511437648000,58.361,52.089332580566406|5.1061015129089355,88531.807,0,60.8
